id;title;text
1;eco-centric Bedfordshire mesh;Configuration UIC-Franc
2;Ergonomic Concrete Soap Zambian Kwacha;Concrete Bedfordshire
3;portal calculating Metal;real-time discrete redundant
4;Synergistic Personal Loan Account Sleek;Borders
5;olive Handcrafted Cotton Bacon Unbranded Fresh Pants;incubate
6;interfaces;Garden Dale Wallis and Futuna
7;generating;Computers Small Fresh Gloves back-end
8;interface;compress lavender Investment Account
9;backing up;Iran
10;Philippine Peso Metal;Strategist
